ID,statement,label
601,"Provides an insightful look into the characters' development, but the plot twists are somewhat predictable.",Neutral
602,"The editing is sharp and adds to the narrative flow, but the film's length could be a deterrent for some viewers.",Neutral
603,"The film's pacing is inconsistent, with some parts dragging despite stellar performances from the cast.",Neutral
604,"Features ambitious themes that aren't fully realized, leaving the viewer wanting more coherence.",Neutral
605,"Features ambitious themes that aren't fully realized, leaving the viewer wanting more coherence.",Neutral
606,"The director's bold approach is commendable, yet it might not resonate with all audiences due to its abstract nature.",Neutral
607,"Features ambitious themes that aren't fully realized, leaving the viewer wanting more coherence.",Neutral
608,"Offers a unique visual style that stands out, although the storyline lacks originality and depth.",Neutral
609,"Features ambitious themes that aren't fully realized, leaving the viewer wanting more coherence.",Neutral
610,"Delivers a complex narrative that some may find difficult to follow, though the cinematography is exceptional.",Neutral
611,"Provides an insightful look into the characters' development, but the plot twists are somewhat predictable.",Neutral
612,"The director's bold approach is commendable, yet it might not resonate with all audiences due to its abstract nature.",Neutral
613,"Boasts a powerful soundtrack that enhances the emotional impact, though some scenes felt unnecessarily melodramatic.",Neutral
614,"The editing is sharp and adds to the narrative flow, but the film's length could be a deterrent for some viewers.",Neutral
615,"While the special effects are top-notch, they can't fully compensate for the script's weak dialogue.",Neutral
616,"Offers a unique visual style that stands out, although the storyline lacks originality and depth.",Neutral
617,"While the special effects are top-notch, they can't fully compensate for the script's weak dialogue.",Neutral
618,"Boasts a powerful soundtrack that enhances the emotional impact, though some scenes felt unnecessarily melodramatic.",Neutral
619,"Excels in creating an immersive setting, though at times, the secondary characters feel underdeveloped.",Neutral
620,"Offers a unique visual style that stands out, although the storyline lacks originality and depth.",Neutral
621,"The director's bold approach is commendable, yet it might not resonate with all audiences due to its abstract nature.",Neutral
622,"While the special effects are top-notch, they can't fully compensate for the script's weak dialogue.",Neutral
623,"The editing is sharp and adds to the narrative flow, but the film's length could be a deterrent for some viewers.",Neutral
624,"The film's pacing is inconsistent, with some parts dragging despite stellar performances from the cast.",Neutral
625,"The editing is sharp and adds to the narrative flow, but the film's length could be a deterrent for some viewers.",Neutral
626,"The film's pacing is inconsistent, with some parts dragging despite stellar performances from the cast.",Neutral
627,"Offers a unique visual style that stands out, although the storyline lacks originality and depth.",Neutral
628,"Boasts a powerful soundtrack that enhances the emotional impact, though some scenes felt unnecessarily melodramatic.",Neutral
629,"Offers a unique visual style that stands out, although the storyline lacks originality and depth.",Neutral
630,"Provides an insightful look into the characters' development, but the plot twists are somewhat predictable.",Neutral
631,"Offers a unique visual style that stands out, although the storyline lacks originality and depth.",Neutral
632,"The film's pacing is inconsistent, with some parts dragging despite stellar performances from the cast.",Neutral
633,"Delivers a complex narrative that some may find difficult to follow, though the cinematography is exceptional.",Neutral
634,"The editing is sharp and adds to the narrative flow, but the film's length could be a deterrent for some viewers.",Neutral
635,"Offers a unique visual style that stands out, although the storyline lacks originality and depth.",Neutral
636,"Features ambitious themes that aren't fully realized, leaving the viewer wanting more coherence.",Neutral
637,"Features ambitious themes that aren't fully realized, leaving the viewer wanting more coherence.",Neutral
638,"Offers a unique visual style that stands out, although the storyline lacks originality and depth.",Neutral
639,"The editing is sharp and adds to the narrative flow, but the film's length could be a deterrent for some viewers.",Neutral
640,"Offers a unique visual style that stands out, although the storyline lacks originality and depth.",Neutral
641,"The editing is sharp and adds to the narrative flow, but the film's length could be a deterrent for some viewers.",Neutral
642,"While the special effects are top-notch, they can't fully compensate for the script's weak dialogue.",Neutral
643,"The film's pacing is inconsistent, with some parts dragging despite stellar performances from the cast.",Neutral
644,"Delivers a complex narrative that some may find difficult to follow, though the cinematography is exceptional.",Neutral
645,"The film's pacing is inconsistent, with some parts dragging despite stellar performances from the cast.",Neutral
646,"Boasts a powerful soundtrack that enhances the emotional impact, though some scenes felt unnecessarily melodramatic.",Neutral
647,"The editing is sharp and adds to the narrative flow, but the film's length could be a deterrent for some viewers.",Neutral
648,"Offers a unique visual style that stands out, although the storyline lacks originality and depth.",Neutral
649,"Excels in creating an immersive setting, though at times, the secondary characters feel underdeveloped.",Neutral
650,"The editing is sharp and adds to the narrative flow, but the film's length could be a deterrent for some viewers.",Neutral
651,"Provides an insightful look into the characters' development, but the plot twists are somewhat predictable.",Neutral
652,"Excels in creating an immersive setting, though at times, the secondary characters feel underdeveloped.",Neutral
653,"Features ambitious themes that aren't fully realized, leaving the viewer wanting more coherence.",Neutral
654,"Features ambitious themes that aren't fully realized, leaving the viewer wanting more coherence.",Neutral
655,"Delivers a complex narrative that some may find difficult to follow, though the cinematography is exceptional.",Neutral
656,"Boasts a powerful soundtrack that enhances the emotional impact, though some scenes felt unnecessarily melodramatic.",Neutral
657,"Features ambitious themes that aren't fully realized, leaving the viewer wanting more coherence.",Neutral
658,"Delivers a complex narrative that some may find difficult to follow, though the cinematography is exceptional.",Neutral
659,"Excels in creating an immersive setting, though at times, the secondary characters feel underdeveloped.",Neutral
660,"The editing is sharp and adds to the narrative flow, but the film's length could be a deterrent for some viewers.",Neutral
661,"The editing is sharp and adds to the narrative flow, but the film's length could be a deterrent for some viewers.",Neutral
662,"The editing is sharp and adds to the narrative flow, but the film's length could be a deterrent for some viewers.",Neutral
663,"Boasts a powerful soundtrack that enhances the emotional impact, though some scenes felt unnecessarily melodramatic.",Neutral
664,"The editing is sharp and adds to the narrative flow, but the film's length could be a deterrent for some viewers.",Neutral
665,"Provides an insightful look into the characters' development, but the plot twists are somewhat predictable.",Neutral
666,"The film's pacing is inconsistent, with some parts dragging despite stellar performances from the cast.",Neutral
667,"Boasts a powerful soundtrack that enhances the emotional impact, though some scenes felt unnecessarily melodramatic.",Neutral
668,"Delivers a complex narrative that some may find difficult to follow, though the cinematography is exceptional.",Neutral
669,"The director's bold approach is commendable, yet it might not resonate with all audiences due to its abstract nature.",Neutral
670,"While the special effects are top-notch, they can't fully compensate for the script's weak dialogue.",Neutral
671,"The editing is sharp and adds to the narrative flow, but the film's length could be a deterrent for some viewers.",Neutral
672,"The director's bold approach is commendable, yet it might not resonate with all audiences due to its abstract nature.",Neutral
673,"Delivers a complex narrative that some may find difficult to follow, though the cinematography is exceptional.",Neutral
674,"Features ambitious themes that aren't fully realized, leaving the viewer wanting more coherence.",Neutral
675,"Boasts a powerful soundtrack that enhances the emotional impact, though some scenes felt unnecessarily melodramatic.",Neutral
676,"The director's bold approach is commendable, yet it might not resonate with all audiences due to its abstract nature.",Neutral
677,"Excels in creating an immersive setting, though at times, the secondary characters feel underdeveloped.",Neutral
678,"Features ambitious themes that aren't fully realized, leaving the viewer wanting more coherence.",Neutral
679,"While the special effects are top-notch, they can't fully compensate for the script's weak dialogue.",Neutral
680,"Features ambitious themes that aren't fully realized, leaving the viewer wanting more coherence.",Neutral
681,"The editing is sharp and adds to the narrative flow, but the film's length could be a deterrent for some viewers.",Neutral
682,"Boasts a powerful soundtrack that enhances the emotional impact, though some scenes felt unnecessarily melodramatic.",Neutral
683,"Delivers a complex narrative that some may find difficult to follow, though the cinematography is exceptional.",Neutral
684,"Boasts a powerful soundtrack that enhances the emotional impact, though some scenes felt unnecessarily melodramatic.",Neutral
685,"Boasts a powerful soundtrack that enhances the emotional impact, though some scenes felt unnecessarily melodramatic.",Neutral
686,"The director's bold approach is commendable, yet it might not resonate with all audiences due to its abstract nature.",Neutral
687,"The film's pacing is inconsistent, with some parts dragging despite stellar performances from the cast.",Neutral
688,"The director's bold approach is commendable, yet it might not resonate with all audiences due to its abstract nature.",Neutral
689,"The editing is sharp and adds to the narrative flow, but the film's length could be a deterrent for some viewers.",Neutral
690,"The director's bold approach is commendable, yet it might not resonate with all audiences due to its abstract nature.",Neutral
691,"Offers a unique visual style that stands out, although the storyline lacks originality and depth.",Neutral
692,"Delivers a complex narrative that some may find difficult to follow, though the cinematography is exceptional.",Neutral
693,"Provides an insightful look into the characters' development, but the plot twists are somewhat predictable.",Neutral
694,"Offers a unique visual style that stands out, although the storyline lacks originality and depth.",Neutral
695,"Excels in creating an immersive setting, though at times, the secondary characters feel underdeveloped.",Neutral
696,"Features ambitious themes that aren't fully realized, leaving the viewer wanting more coherence.",Neutral
697,"The director's bold approach is commendable, yet it might not resonate with all audiences due to its abstract nature.",Neutral
698,"Boasts a powerful soundtrack that enhances the emotional impact, though some scenes felt unnecessarily melodramatic.",Neutral
699,"Provides an insightful look into the characters' development, but the plot twists are somewhat predictable.",Neutral
700,"Offers a unique visual style that stands out, although the storyline lacks originality and depth.",Neutral
701,"Offers a unique visual style that stands out, although the storyline lacks originality and depth.",Neutral
702,"Provides an insightful look into the characters' development, but the plot twists are somewhat predictable.",Neutral
703,"The editing is sharp and adds to the narrative flow, but the film's length could be a deterrent for some viewers.",Neutral
704,"Provides an insightful look into the characters' development, but the plot twists are somewhat predictable.",Neutral
705,"Excels in creating an immersive setting, though at times, the secondary characters feel underdeveloped.",Neutral
706,"Features ambitious themes that aren't fully realized, leaving the viewer wanting more coherence.",Neutral
707,"Provides an insightful look into the characters' development, but the plot twists are somewhat predictable.",Neutral
708,"The editing is sharp and adds to the narrative flow, but the film's length could be a deterrent for some viewers.",Neutral
709,"Features ambitious themes that aren't fully realized, leaving the viewer wanting more coherence.",Neutral
710,"The film's pacing is inconsistent, with some parts dragging despite stellar performances from the cast.",Neutral
711,"Delivers a complex narrative that some may find difficult to follow, though the cinematography is exceptional.",Neutral
712,"Features ambitious themes that aren't fully realized, leaving the viewer wanting more coherence.",Neutral
713,"Provides an insightful look into the characters' development, but the plot twists are somewhat predictable.",Neutral
714,"Offers a unique visual style that stands out, although the storyline lacks originality and depth.",Neutral
715,"Features ambitious themes that aren't fully realized, leaving the viewer wanting more coherence.",Neutral
716,"Provides an insightful look into the characters' development, but the plot twists are somewhat predictable.",Neutral
717,"The film's pacing is inconsistent, with some parts dragging despite stellar performances from the cast.",Neutral
718,"Boasts a powerful soundtrack that enhances the emotional impact, though some scenes felt unnecessarily melodramatic.",Neutral
719,"The editing is sharp and adds to the narrative flow, but the film's length could be a deterrent for some viewers.",Neutral
720,"Boasts a powerful soundtrack that enhances the emotional impact, though some scenes felt unnecessarily melodramatic.",Neutral
721,"The film's pacing is inconsistent, with some parts dragging despite stellar performances from the cast.",Neutral
722,"The director's bold approach is commendable, yet it might not resonate with all audiences due to its abstract nature.",Neutral
723,"Features ambitious themes that aren't fully realized, leaving the viewer wanting more coherence.",Neutral
724,"The film's pacing is inconsistent, with some parts dragging despite stellar performances from the cast.",Neutral
725,"The film's pacing is inconsistent, with some parts dragging despite stellar performances from the cast.",Neutral
726,"The editing is sharp and adds to the narrative flow, but the film's length could be a deterrent for some viewers.",Neutral
727,"The film's pacing is inconsistent, with some parts dragging despite stellar performances from the cast.",Neutral
728,"Excels in creating an immersive setting, though at times, the secondary characters feel underdeveloped.",Neutral
729,"Delivers a complex narrative that some may find difficult to follow, though the cinematography is exceptional.",Neutral
730,"The director's bold approach is commendable, yet it might not resonate with all audiences due to its abstract nature.",Neutral
731,"Boasts a powerful soundtrack that enhances the emotional impact, though some scenes felt unnecessarily melodramatic.",Neutral
732,"Provides an insightful look into the characters' development, but the plot twists are somewhat predictable.",Neutral
733,"The film's pacing is inconsistent, with some parts dragging despite stellar performances from the cast.",Neutral
734,"Boasts a powerful soundtrack that enhances the emotional impact, though some scenes felt unnecessarily melodramatic.",Neutral
735,"The editing is sharp and adds to the narrative flow, but the film's length could be a deterrent for some viewers.",Neutral
736,"Provides an insightful look into the characters' development, but the plot twists are somewhat predictable.",Neutral
737,"The director's bold approach is commendable, yet it might not resonate with all audiences due to its abstract nature.",Neutral
738,"Offers a unique visual style that stands out, although the storyline lacks originality and depth.",Neutral
739,"Delivers a complex narrative that some may find difficult to follow, though the cinematography is exceptional.",Neutral
740,"Delivers a complex narrative that some may find difficult to follow, though the cinematography is exceptional.",Neutral
741,"Boasts a powerful soundtrack that enhances the emotional impact, though some scenes felt unnecessarily melodramatic.",Neutral
742,"Offers a unique visual style that stands out, although the storyline lacks originality and depth.",Neutral
743,"Features ambitious themes that aren't fully realized, leaving the viewer wanting more coherence.",Neutral
744,"The editing is sharp and adds to the narrative flow, but the film's length could be a deterrent for some viewers.",Neutral
745,"Boasts a powerful soundtrack that enhances the emotional impact, though some scenes felt unnecessarily melodramatic.",Neutral
746,"The film's pacing is inconsistent, with some parts dragging despite stellar performances from the cast.",Neutral
747,"Features ambitious themes that aren't fully realized, leaving the viewer wanting more coherence.",Neutral
748,"Delivers a complex narrative that some may find difficult to follow, though the cinematography is exceptional.",Neutral
749,"Excels in creating an immersive setting, though at times, the secondary characters feel underdeveloped.",Neutral
750,"Boasts a powerful soundtrack that enhances the emotional impact, though some scenes felt unnecessarily melodramatic.",Neutral
751,"While the special effects are top-notch, they can't fully compensate for the script's weak dialogue.",Neutral
752,"Excels in creating an immersive setting, though at times, the secondary characters feel underdeveloped.",Neutral
753,"Delivers a complex narrative that some may find difficult to follow, though the cinematography is exceptional.",Neutral
754,"The editing is sharp and adds to the narrative flow, but the film's length could be a deterrent for some viewers.",Neutral
755,"The director's bold approach is commendable, yet it might not resonate with all audiences due to its abstract nature.",Neutral
756,"Features ambitious themes that aren't fully realized, leaving the viewer wanting more coherence.",Neutral
757,"Delivers a complex narrative that some may find difficult to follow, though the cinematography is exceptional.",Neutral
758,"Offers a unique visual style that stands out, although the storyline lacks originality and depth.",Neutral
759,"Delivers a complex narrative that some may find difficult to follow, though the cinematography is exceptional.",Neutral
760,"Delivers a complex narrative that some may find difficult to follow, though the cinematography is exceptional.",Neutral
761,"The film's pacing is inconsistent, with some parts dragging despite stellar performances from the cast.",Neutral
762,"Boasts a powerful soundtrack that enhances the emotional impact, though some scenes felt unnecessarily melodramatic.",Neutral
763,"Offers a unique visual style that stands out, although the storyline lacks originality and depth.",Neutral
764,"Delivers a complex narrative that some may find difficult to follow, though the cinematography is exceptional.",Neutral
765,"Offers a unique visual style that stands out, although the storyline lacks originality and depth.",Neutral
766,"Provides an insightful look into the characters' development, but the plot twists are somewhat predictable.",Neutral
767,"While the special effects are top-notch, they can't fully compensate for the script's weak dialogue.",Neutral
768,"The director's bold approach is commendable, yet it might not resonate with all audiences due to its abstract nature.",Neutral
769,"Offers a unique visual style that stands out, although the storyline lacks originality and depth.",Neutral
770,"Excels in creating an immersive setting, though at times, the secondary characters feel underdeveloped.",Neutral
771,"The director's bold approach is commendable, yet it might not resonate with all audiences due to its abstract nature.",Neutral
772,"Provides an insightful look into the characters' development, but the plot twists are somewhat predictable.",Neutral
773,"Boasts a powerful soundtrack that enhances the emotional impact, though some scenes felt unnecessarily melodramatic.",Neutral
774,"The film's pacing is inconsistent, with some parts dragging despite stellar performances from the cast.",Neutral
775,"The film's pacing is inconsistent, with some parts dragging despite stellar performances from the cast.",Neutral
776,"Excels in creating an immersive setting, though at times, the secondary characters feel underdeveloped.",Neutral
777,"The film's pacing is inconsistent, with some parts dragging despite stellar performances from the cast.",Neutral
778,"Features ambitious themes that aren't fully realized, leaving the viewer wanting more coherence.",Neutral
779,"Delivers a complex narrative that some may find difficult to follow, though the cinematography is exceptional.",Neutral
780,"Offers a unique visual style that stands out, although the storyline lacks originality and depth.",Neutral
781,"Offers a unique visual style that stands out, although the storyline lacks originality and depth.",Neutral
782,"The director's bold approach is commendable, yet it might not resonate with all audiences due to its abstract nature.",Neutral
783,"The director's bold approach is commendable, yet it might not resonate with all audiences due to its abstract nature.",Neutral
784,"The director's bold approach is commendable, yet it might not resonate with all audiences due to its abstract nature.",Neutral
785,"While the special effects are top-notch, they can't fully compensate for the script's weak dialogue.",Neutral
786,"Boasts a powerful soundtrack that enhances the emotional impact, though some scenes felt unnecessarily melodramatic.",Neutral
787,"Boasts a powerful soundtrack that enhances the emotional impact, though some scenes felt unnecessarily melodramatic.",Neutral
788,"Delivers a complex narrative that some may find difficult to follow, though the cinematography is exceptional.",Neutral
789,"While the special effects are top-notch, they can't fully compensate for the script's weak dialogue.",Neutral
790,"Offers a unique visual style that stands out, although the storyline lacks originality and depth.",Neutral
791,"While the special effects are top-notch, they can't fully compensate for the script's weak dialogue.",Neutral
792,"Offers a unique visual style that stands out, although the storyline lacks originality and depth.",Neutral
793,"Excels in creating an immersive setting, though at times, the secondary characters feel underdeveloped.",Neutral
794,"Delivers a complex narrative that some may find difficult to follow, though the cinematography is exceptional.",Neutral
795,"The director's bold approach is commendable, yet it might not resonate with all audiences due to its abstract nature.",Neutral
796,"Offers a unique visual style that stands out, although the storyline lacks originality and depth.",Neutral
797,"The editing is sharp and adds to the narrative flow, but the film's length could be a deterrent for some viewers.",Neutral
798,"Boasts a powerful soundtrack that enhances the emotional impact, though some scenes felt unnecessarily melodramatic.",Neutral
799,"Excels in creating an immersive setting, though at times, the secondary characters feel underdeveloped.",Neutral
800,"The director's bold approach is commendable, yet it might not resonate with all audiences due to its abstract nature.",Neutral
801,"Provides an insightful look into the characters' development, but the plot twists are somewhat predictable.",Neutral
802,"Provides an insightful look into the characters' development, but the plot twists are somewhat predictable.",Neutral
803,"Boasts a powerful soundtrack that enhances the emotional impact, though some scenes felt unnecessarily melodramatic.",Neutral
804,"Features ambitious themes that aren't fully realized, leaving the viewer wanting more coherence.",Neutral
805,"Features ambitious themes that aren't fully realized, leaving the viewer wanting more coherence.",Neutral
806,"Excels in creating an immersive setting, though at times, the secondary characters feel underdeveloped.",Neutral
807,"The film's pacing is inconsistent, with some parts dragging despite stellar performances from the cast.",Neutral
808,"The editing is sharp and adds to the narrative flow, but the film's length could be a deterrent for some viewers.",Neutral
809,"Provides an insightful look into the characters' development, but the plot twists are somewhat predictable.",Neutral
810,"The editing is sharp and adds to the narrative flow, but the film's length could be a deterrent for some viewers.",Neutral
811,"The director's bold approach is commendable, yet it might not resonate with all audiences due to its abstract nature.",Neutral
812,"The film's pacing is inconsistent, with some parts dragging despite stellar performances from the cast.",Neutral
813,"While the special effects are top-notch, they can't fully compensate for the script's weak dialogue.",Neutral
814,"The director's bold approach is commendable, yet it might not resonate with all audiences due to its abstract nature.",Neutral
815,"Offers a unique visual style that stands out, although the storyline lacks originality and depth.",Neutral
816,"While the special effects are top-notch, they can't fully compensate for the script's weak dialogue.",Neutral
817,"The film's pacing is inconsistent, with some parts dragging despite stellar performances from the cast.",Neutral
818,"Offers a unique visual style that stands out, although the storyline lacks originality and depth.",Neutral
819,"Features ambitious themes that aren't fully realized, leaving the viewer wanting more coherence.",Neutral
820,"Boasts a powerful soundtrack that enhances the emotional impact, though some scenes felt unnecessarily melodramatic.",Neutral
821,"The director's bold approach is commendable, yet it might not resonate with all audiences due to its abstract nature.",Neutral
822,"Provides an insightful look into the characters' development, but the plot twists are somewhat predictable.",Neutral
823,"Boasts a powerful soundtrack that enhances the emotional impact, though some scenes felt unnecessarily melodramatic.",Neutral
824,"While the special effects are top-notch, they can't fully compensate for the script's weak dialogue.",Neutral
825,"Features ambitious themes that aren't fully realized, leaving the viewer wanting more coherence.",Neutral
826,"Provides an insightful look into the characters' development, but the plot twists are somewhat predictable.",Neutral
827,"Delivers a complex narrative that some may find difficult to follow, though the cinematography is exceptional.",Neutral
828,"Excels in creating an immersive setting, though at times, the secondary characters feel underdeveloped.",Neutral
829,"While the special effects are top-notch, they can't fully compensate for the script's weak dialogue.",Neutral
830,"Boasts a powerful soundtrack that enhances the emotional impact, though some scenes felt unnecessarily melodramatic.",Neutral
831,"Boasts a powerful soundtrack that enhances the emotional impact, though some scenes felt unnecessarily melodramatic.",Neutral
832,"Delivers a complex narrative that some may find difficult to follow, though the cinematography is exceptional.",Neutral
833,"Features ambitious themes that aren't fully realized, leaving the viewer wanting more coherence.",Neutral
834,"Excels in creating an immersive setting, though at times, the secondary characters feel underdeveloped.",Neutral
835,"The director's bold approach is commendable, yet it might not resonate with all audiences due to its abstract nature.",Neutral
836,"Offers a unique visual style that stands out, although the storyline lacks originality and depth.",Neutral
837,"The film's pacing is inconsistent, with some parts dragging despite stellar performances from the cast.",Neutral
838,"The director's bold approach is commendable, yet it might not resonate with all audiences due to its abstract nature.",Neutral
839,"The editing is sharp and adds to the narrative flow, but the film's length could be a deterrent for some viewers.",Neutral
840,"Offers a unique visual style that stands out, although the storyline lacks originality and depth.",Neutral
841,"Offers a unique visual style that stands out, although the storyline lacks originality and depth.",Neutral
842,"Features ambitious themes that aren't fully realized, leaving the viewer wanting more coherence.",Neutral
843,"Offers a unique visual style that stands out, although the storyline lacks originality and depth.",Neutral
844,"Delivers a complex narrative that some may find difficult to follow, though the cinematography is exceptional.",Neutral
845,"Excels in creating an immersive setting, though at times, the secondary characters feel underdeveloped.",Neutral
846,"The editing is sharp and adds to the narrative flow, but the film's length could be a deterrent for some viewers.",Neutral
847,"The editing is sharp and adds to the narrative flow, but the film's length could be a deterrent for some viewers.",Neutral
848,"Provides an insightful look into the characters' development, but the plot twists are somewhat predictable.",Neutral
849,"While the special effects are top-notch, they can't fully compensate for the script's weak dialogue.",Neutral
850,"Provides an insightful look into the characters' development, but the plot twists are somewhat predictable.",Neutral
851,"Excels in creating an immersive setting, though at times, the secondary characters feel underdeveloped.",Neutral
852,"Delivers a complex narrative that some may find difficult to follow, though the cinematography is exceptional.",Neutral
853,"Offers a unique visual style that stands out, although the storyline lacks originality and depth.",Neutral
854,"Provides an insightful look into the characters' development, but the plot twists are somewhat predictable.",Neutral
855,"Features ambitious themes that aren't fully realized, leaving the viewer wanting more coherence.",Neutral
856,"Provides an insightful look into the characters' development, but the plot twists are somewhat predictable.",Neutral
857,"Delivers a complex narrative that some may find difficult to follow, though the cinematography is exceptional.",Neutral
858,"Excels in creating an immersive setting, though at times, the secondary characters feel underdeveloped.",Neutral
859,"Features ambitious themes that aren't fully realized, leaving the viewer wanting more coherence.",Neutral
860,"The film's pacing is inconsistent, with some parts dragging despite stellar performances from the cast.",Neutral
861,"While the special effects are top-notch, they can't fully compensate for the script's weak dialogue.",Neutral
862,"Delivers a complex narrative that some may find difficult to follow, though the cinematography is exceptional.",Neutral
863,"The director's bold approach is commendable, yet it might not resonate with all audiences due to its abstract nature.",Neutral
864,"The director's bold approach is commendable, yet it might not resonate with all audiences due to its abstract nature.",Neutral
865,"Excels in creating an immersive setting, though at times, the secondary characters feel underdeveloped.",Neutral
866,"The film's pacing is inconsistent, with some parts dragging despite stellar performances from the cast.",Neutral
867,"Offers a unique visual style that stands out, although the storyline lacks originality and depth.",Neutral
868,"Offers a unique visual style that stands out, although the storyline lacks originality and depth.",Neutral
869,"Excels in creating an immersive setting, though at times, the secondary characters feel underdeveloped.",Neutral
870,"Offers a unique visual style that stands out, although the storyline lacks originality and depth.",Neutral
871,"Delivers a complex narrative that some may find difficult to follow, though the cinematography is exceptional.",Neutral
872,"The film's pacing is inconsistent, with some parts dragging despite stellar performances from the cast.",Neutral
873,"The film's pacing is inconsistent, with some parts dragging despite stellar performances from the cast.",Neutral
874,"Offers a unique visual style that stands out, although the storyline lacks originality and depth.",Neutral
875,"Offers a unique visual style that stands out, although the storyline lacks originality and depth.",Neutral
876,"Boasts a powerful soundtrack that enhances the emotional impact, though some scenes felt unnecessarily melodramatic.",Neutral
877,"Boasts a powerful soundtrack that enhances the emotional impact, though some scenes felt unnecessarily melodramatic.",Neutral
878,"Offers a unique visual style that stands out, although the storyline lacks originality and depth.",Neutral
879,"Offers a unique visual style that stands out, although the storyline lacks originality and depth.",Neutral
880,"The editing is sharp and adds to the narrative flow, but the film's length could be a deterrent for some viewers.",Neutral
881,"Boasts a powerful soundtrack that enhances the emotional impact, though some scenes felt unnecessarily melodramatic.",Neutral
882,"The director's bold approach is commendable, yet it might not resonate with all audiences due to its abstract nature.",Neutral
883,"While the special effects are top-notch, they can't fully compensate for the script's weak dialogue.",Neutral
884,"The director's bold approach is commendable, yet it might not resonate with all audiences due to its abstract nature.",Neutral
885,"Delivers a complex narrative that some may find difficult to follow, though the cinematography is exceptional.",Neutral
886,"Features ambitious themes that aren't fully realized, leaving the viewer wanting more coherence.",Neutral
887,"Features ambitious themes that aren't fully realized, leaving the viewer wanting more coherence.",Neutral
888,"Provides an insightful look into the characters' development, but the plot twists are somewhat predictable.",Neutral
889,"Offers a unique visual style that stands out, although the storyline lacks originality and depth.",Neutral
890,"The editing is sharp and adds to the narrative flow, but the film's length could be a deterrent for some viewers.",Neutral
891,"Delivers a complex narrative that some may find difficult to follow, though the cinematography is exceptional.",Neutral
892,"Excels in creating an immersive setting, though at times, the secondary characters feel underdeveloped.",Neutral
893,"The film's pacing is inconsistent, with some parts dragging despite stellar performances from the cast.",Neutral
894,"Excels in creating an immersive setting, though at times, the secondary characters feel underdeveloped.",Neutral
895,"Offers a unique visual style that stands out, although the storyline lacks originality and depth.",Neutral
896,"Delivers a complex narrative that some may find difficult to follow, though the cinematography is exceptional.",Neutral
897,"While the special effects are top-notch, they can't fully compensate for the script's weak dialogue.",Neutral
898,"The director's bold approach is commendable, yet it might not resonate with all audiences due to its abstract nature.",Neutral
899,"The director's bold approach is commendable, yet it might not resonate with all audiences due to its abstract nature.",Neutral
900,"Boasts a powerful soundtrack that enhances the emotional impact, though some scenes felt unnecessarily melodramatic.",Neutral
901,"Features ambitious themes that aren't fully realized, leaving the viewer wanting more coherence.",Neutral
902,"Boasts a powerful soundtrack that enhances the emotional impact, though some scenes felt unnecessarily melodramatic.",Neutral
903,"Provides an insightful look into the characters' development, but the plot twists are somewhat predictable.",Neutral
904,"Boasts a powerful soundtrack that enhances the emotional impact, though some scenes felt unnecessarily melodramatic.",Neutral
905,"Boasts a powerful soundtrack that enhances the emotional impact, though some scenes felt unnecessarily melodramatic.",Neutral
906,"While the special effects are top-notch, they can't fully compensate for the script's weak dialogue.",Neutral
907,"Features ambitious themes that aren't fully realized, leaving the viewer wanting more coherence.",Neutral
908,"Boasts a powerful soundtrack that enhances the emotional impact, though some scenes felt unnecessarily melodramatic.",Neutral
909,"Boasts a powerful soundtrack that enhances the emotional impact, though some scenes felt unnecessarily melodramatic.",Neutral
910,"Boasts a powerful soundtrack that enhances the emotional impact, though some scenes felt unnecessarily melodramatic.",Neutral
911,"Delivers a complex narrative that some may find difficult to follow, though the cinematography is exceptional.",Neutral
912,"Provides an insightful look into the characters' development, but the plot twists are somewhat predictable.",Neutral
913,"Boasts a powerful soundtrack that enhances the emotional impact, though some scenes felt unnecessarily melodramatic.",Neutral
914,"The film's pacing is inconsistent, with some parts dragging despite stellar performances from the cast.",Neutral
915,"Boasts a powerful soundtrack that enhances the emotional impact, though some scenes felt unnecessarily melodramatic.",Neutral
916,"Delivers a complex narrative that some may find difficult to follow, though the cinematography is exceptional.",Neutral
917,"Delivers a complex narrative that some may find difficult to follow, though the cinematography is exceptional.",Neutral
918,"Offers a unique visual style that stands out, although the storyline lacks originality and depth.",Neutral
919,"The director's bold approach is commendable, yet it might not resonate with all audiences due to its abstract nature.",Neutral
920,"The editing is sharp and adds to the narrative flow, but the film's length could be a deterrent for some viewers.",Neutral
921,"The editing is sharp and adds to the narrative flow, but the film's length could be a deterrent for some viewers.",Neutral
922,"Provides an insightful look into the characters' development, but the plot twists are somewhat predictable.",Neutral
923,"The editing is sharp and adds to the narrative flow, but the film's length could be a deterrent for some viewers.",Neutral
924,"The editing is sharp and adds to the narrative flow, but the film's length could be a deterrent for some viewers.",Neutral
925,"While the special effects are top-notch, they can't fully compensate for the script's weak dialogue.",Neutral
926,"The director's bold approach is commendable, yet it might not resonate with all audiences due to its abstract nature.",Neutral
927,"Offers a unique visual style that stands out, although the storyline lacks originality and depth.",Neutral
928,"Features ambitious themes that aren't fully realized, leaving the viewer wanting more coherence.",Neutral
929,"The editing is sharp and adds to the narrative flow, but the film's length could be a deterrent for some viewers.",Neutral
930,"Provides an insightful look into the characters' development, but the plot twists are somewhat predictable.",Neutral
931,"Features ambitious themes that aren't fully realized, leaving the viewer wanting more coherence.",Neutral
932,"Boasts a powerful soundtrack that enhances the emotional impact, though some scenes felt unnecessarily melodramatic.",Neutral
933,"While the special effects are top-notch, they can't fully compensate for the script's weak dialogue.",Neutral
934,"Delivers a complex narrative that some may find difficult to follow, though the cinematography is exceptional.",Neutral
935,"The film's pacing is inconsistent, with some parts dragging despite stellar performances from the cast.",Neutral
936,"The director's bold approach is commendable, yet it might not resonate with all audiences due to its abstract nature.",Neutral
937,"While the special effects are top-notch, they can't fully compensate for the script's weak dialogue.",Neutral
938,"Features ambitious themes that aren't fully realized, leaving the viewer wanting more coherence.",Neutral
939,"Delivers a complex narrative that some may find difficult to follow, though the cinematography is exceptional.",Neutral
940,"Features ambitious themes that aren't fully realized, leaving the viewer wanting more coherence.",Neutral
941,"The director's bold approach is commendable, yet it might not resonate with all audiences due to its abstract nature.",Neutral
942,"Delivers a complex narrative that some may find difficult to follow, though the cinematography is exceptional.",Neutral
943,"Excels in creating an immersive setting, though at times, the secondary characters feel underdeveloped.",Neutral
944,"While the special effects are top-notch, they can't fully compensate for the script's weak dialogue.",Neutral
945,"Features ambitious themes that aren't fully realized, leaving the viewer wanting more coherence.",Neutral
946,"Delivers a complex narrative that some may find difficult to follow, though the cinematography is exceptional.",Neutral
947,"While the special effects are top-notch, they can't fully compensate for the script's weak dialogue.",Neutral
948,"Delivers a complex narrative that some may find difficult to follow, though the cinematography is exceptional.",Neutral
949,"The director's bold approach is commendable, yet it might not resonate with all audiences due to its abstract nature.",Neutral
950,"While the special effects are top-notch, they can't fully compensate for the script's weak dialogue.",Neutral
951,"Features ambitious themes that aren't fully realized, leaving the viewer wanting more coherence.",Neutral
952,"Provides an insightful look into the characters' development, but the plot twists are somewhat predictable.",Neutral
953,"Provides an insightful look into the characters' development, but the plot twists are somewhat predictable.",Neutral
954,"Delivers a complex narrative that some may find difficult to follow, though the cinematography is exceptional.",Neutral
955,"Boasts a powerful soundtrack that enhances the emotional impact, though some scenes felt unnecessarily melodramatic.",Neutral
956,"Features ambitious themes that aren't fully realized, leaving the viewer wanting more coherence.",Neutral
957,"The director's bold approach is commendable, yet it might not resonate with all audiences due to its abstract nature.",Neutral
958,"Excels in creating an immersive setting, though at times, the secondary characters feel underdeveloped.",Neutral
959,"The editing is sharp and adds to the narrative flow, but the film's length could be a deterrent for some viewers.",Neutral
960,"Provides an insightful look into the characters' development, but the plot twists are somewhat predictable.",Neutral
961,"Boasts a powerful soundtrack that enhances the emotional impact, though some scenes felt unnecessarily melodramatic.",Neutral
962,"While the special effects are top-notch, they can't fully compensate for the script's weak dialogue.",Neutral
963,"Provides an insightful look into the characters' development, but the plot twists are somewhat predictable.",Neutral
964,"Offers a unique visual style that stands out, although the storyline lacks originality and depth.",Neutral
965,"The director's bold approach is commendable, yet it might not resonate with all audiences due to its abstract nature.",Neutral
966,"Boasts a powerful soundtrack that enhances the emotional impact, though some scenes felt unnecessarily melodramatic.",Neutral
967,"Excels in creating an immersive setting, though at times, the secondary characters feel underdeveloped.",Neutral
968,"Boasts a powerful soundtrack that enhances the emotional impact, though some scenes felt unnecessarily melodramatic.",Neutral
969,"Delivers a complex narrative that some may find difficult to follow, though the cinematography is exceptional.",Neutral
970,"Offers a unique visual style that stands out, although the storyline lacks originality and depth.",Neutral
971,"The film's pacing is inconsistent, with some parts dragging despite stellar performances from the cast.",Neutral
972,"While the special effects are top-notch, they can't fully compensate for the script's weak dialogue.",Neutral
973,"The film's pacing is inconsistent, with some parts dragging despite stellar performances from the cast.",Neutral
974,"The editing is sharp and adds to the narrative flow, but the film's length could be a deterrent for some viewers.",Neutral
975,"The editing is sharp and adds to the narrative flow, but the film's length could be a deterrent for some viewers.",Neutral
976,"While the special effects are top-notch, they can't fully compensate for the script's weak dialogue.",Neutral
977,"Provides an insightful look into the characters' development, but the plot twists are somewhat predictable.",Neutral
978,"Offers a unique visual style that stands out, although the storyline lacks originality and depth.",Neutral
979,"Features ambitious themes that aren't fully realized, leaving the viewer wanting more coherence.",Neutral
980,"Features ambitious themes that aren't fully realized, leaving the viewer wanting more coherence.",Neutral
981,"Boasts a powerful soundtrack that enhances the emotional impact, though some scenes felt unnecessarily melodramatic.",Neutral
982,"The editing is sharp and adds to the narrative flow, but the film's length could be a deterrent for some viewers.",Neutral
983,"Provides an insightful look into the characters' development, but the plot twists are somewhat predictable.",Neutral
984,"The editing is sharp and adds to the narrative flow, but the film's length could be a deterrent for some viewers.",Neutral
985,"Boasts a powerful soundtrack that enhances the emotional impact, though some scenes felt unnecessarily melodramatic.",Neutral
986,"Features ambitious themes that aren't fully realized, leaving the viewer wanting more coherence.",Neutral
987,"The editing is sharp and adds to the narrative flow, but the film's length could be a deterrent for some viewers.",Neutral
988,"Delivers a complex narrative that some may find difficult to follow, though the cinematography is exceptional.",Neutral
989,"The editing is sharp and adds to the narrative flow, but the film's length could be a deterrent for some viewers.",Neutral
990,"Excels in creating an immersive setting, though at times, the secondary characters feel underdeveloped.",Neutral
991,"Boasts a powerful soundtrack that enhances the emotional impact, though some scenes felt unnecessarily melodramatic.",Neutral
992,"Boasts a powerful soundtrack that enhances the emotional impact, though some scenes felt unnecessarily melodramatic.",Neutral
993,"Boasts a powerful soundtrack that enhances the emotional impact, though some scenes felt unnecessarily melodramatic.",Neutral
994,"While the special effects are top-notch, they can't fully compensate for the script's weak dialogue.",Neutral
995,"The director's bold approach is commendable, yet it might not resonate with all audiences due to its abstract nature.",Neutral
996,"The editing is sharp and adds to the narrative flow, but the film's length could be a deterrent for some viewers.",Neutral
997,"The director's bold approach is commendable, yet it might not resonate with all audiences due to its abstract nature.",Neutral
998,"While the special effects are top-notch, they can't fully compensate for the script's weak dialogue.",Neutral
999,"Offers a unique visual style that stands out, although the storyline lacks originality and depth.",Neutral
1000,"Offers a unique visual style that stands out, although the storyline lacks originality and depth.",Neutral
1001,"The film's pacing is inconsistent, with some parts dragging despite stellar performances from the cast.",Neutral
1002,"The film's pacing is inconsistent, with some parts dragging despite stellar performances from the cast.",Neutral
1003,"The director's bold approach is commendable, yet it might not resonate with all audiences due to its abstract nature.",Neutral
1004,"Excels in creating an immersive setting, though at times, the secondary characters feel underdeveloped.",Neutral
1005,"Features ambitious themes that aren't fully realized, leaving the viewer wanting more coherence.",Neutral
1006,"Boasts a powerful soundtrack that enhances the emotional impact, though some scenes felt unnecessarily melodramatic.",Neutral
1007,"The editing is sharp and adds to the narrative flow, but the film's length could be a deterrent for some viewers.",Neutral
1008,"The film's pacing is inconsistent, with some parts dragging despite stellar performances from the cast.",Neutral
1009,"Features ambitious themes that aren't fully realized, leaving the viewer wanting more coherence.",Neutral
1010,"Provides an insightful look into the characters' development, but the plot twists are somewhat predictable.",Neutral
1011,"Excels in creating an immersive setting, though at times, the secondary characters feel underdeveloped.",Neutral
1012,"Offers a unique visual style that stands out, although the storyline lacks originality and depth.",Neutral
1013,"While the special effects are top-notch, they can't fully compensate for the script's weak dialogue.",Neutral
1014,"The director's bold approach is commendable, yet it might not resonate with all audiences due to its abstract nature.",Neutral
1015,"Excels in creating an immersive setting, though at times, the secondary characters feel underdeveloped.",Neutral
1016,"The editing is sharp and adds to the narrative flow, but the film's length could be a deterrent for some viewers.",Neutral
1017,"Provides an insightful look into the characters' development, but the plot twists are somewhat predictable.",Neutral
1018,"The film's pacing is inconsistent, with some parts dragging despite stellar performances from the cast.",Neutral
1019,"While the special effects are top-notch, they can't fully compensate for the script's weak dialogue.",Neutral
1020,"Provides an insightful look into the characters' development, but the plot twists are somewhat predictable.",Neutral
1021,"The editing is sharp and adds to the narrative flow, but the film's length could be a deterrent for some viewers.",Neutral
1022,"The director's bold approach is commendable, yet it might not resonate with all audiences due to its abstract nature.",Neutral
1023,"The film's pacing is inconsistent, with some parts dragging despite stellar performances from the cast.",Neutral
1024,"Boasts a powerful soundtrack that enhances the emotional impact, though some scenes felt unnecessarily melodramatic.",Neutral
1025,"While the special effects are top-notch, they can't fully compensate for the script's weak dialogue.",Neutral
1026,"While the special effects are top-notch, they can't fully compensate for the script's weak dialogue.",Neutral
1027,"The editing is sharp and adds to the narrative flow, but the film's length could be a deterrent for some viewers.",Neutral
1028,"Boasts a powerful soundtrack that enhances the emotional impact, though some scenes felt unnecessarily melodramatic.",Neutral
1029,"Features ambitious themes that aren't fully realized, leaving the viewer wanting more coherence.",Neutral
1030,"Offers a unique visual style that stands out, although the storyline lacks originality and depth.",Neutral
1031,"Boasts a powerful soundtrack that enhances the emotional impact, though some scenes felt unnecessarily melodramatic.",Neutral
1032,"The editing is sharp and adds to the narrative flow, but the film's length could be a deterrent for some viewers.",Neutral
1033,"The editing is sharp and adds to the narrative flow, but the film's length could be a deterrent for some viewers.",Neutral
1034,"Delivers a complex narrative that some may find difficult to follow, though the cinematography is exceptional.",Neutral
1035,"Delivers a complex narrative that some may find difficult to follow, though the cinematography is exceptional.",Neutral
1036,"Features ambitious themes that aren't fully realized, leaving the viewer wanting more coherence.",Neutral
1037,"The director's bold approach is commendable, yet it might not resonate with all audiences due to its abstract nature.",Neutral
1038,"The editing is sharp and adds to the narrative flow, but the film's length could be a deterrent for some viewers.",Neutral
1039,"The film's pacing is inconsistent, with some parts dragging despite stellar performances from the cast.",Neutral
1040,"Offers a unique visual style that stands out, although the storyline lacks originality and depth.",Neutral
1041,"Excels in creating an immersive setting, though at times, the secondary characters feel underdeveloped.",Neutral
1042,"Features ambitious themes that aren't fully realized, leaving the viewer wanting more coherence.",Neutral
1043,"Excels in creating an immersive setting, though at times, the secondary characters feel underdeveloped.",Neutral
1044,"Boasts a powerful soundtrack that enhances the emotional impact, though some scenes felt unnecessarily melodramatic.",Neutral
1045,"Features ambitious themes that aren't fully realized, leaving the viewer wanting more coherence.",Neutral
1046,"Offers a unique visual style that stands out, although the storyline lacks originality and depth.",Neutral
1047,"Excels in creating an immersive setting, though at times, the secondary characters feel underdeveloped.",Neutral
1048,"Features ambitious themes that aren't fully realized, leaving the viewer wanting more coherence.",Neutral
1049,"Offers a unique visual style that stands out, although the storyline lacks originality and depth.",Neutral
1050,"Delivers a complex narrative that some may find difficult to follow, though the cinematography is exceptional.",Neutral
1051,"The director's bold approach is commendable, yet it might not resonate with all audiences due to its abstract nature.",Neutral
1052,"The director's bold approach is commendable, yet it might not resonate with all audiences due to its abstract nature.",Neutral
1053,"Offers a unique visual style that stands out, although the storyline lacks originality and depth.",Neutral
1054,"Boasts a powerful soundtrack that enhances the emotional impact, though some scenes felt unnecessarily melodramatic.",Neutral
1055,"Boasts a powerful soundtrack that enhances the emotional impact, though some scenes felt unnecessarily melodramatic.",Neutral
1056,"The film's pacing is inconsistent, with some parts dragging despite stellar performances from the cast.",Neutral
1057,"Features ambitious themes that aren't fully realized, leaving the viewer wanting more coherence.",Neutral
1058,"The editing is sharp and adds to the narrative flow, but the film's length could be a deterrent for some viewers.",Neutral
1059,"Excels in creating an immersive setting, though at times, the secondary characters feel underdeveloped.",Neutral
1060,"Provides an insightful look into the characters' development, but the plot twists are somewhat predictable.",Neutral
1061,"The director's bold approach is commendable, yet it might not resonate with all audiences due to its abstract nature.",Neutral
1062,"The director's bold approach is commendable, yet it might not resonate with all audiences due to its abstract nature.",Neutral
1063,"The film's pacing is inconsistent, with some parts dragging despite stellar performances from the cast.",Neutral
1064,"Provides an insightful look into the characters' development, but the plot twists are somewhat predictable.",Neutral
1065,"Provides an insightful look into the characters' development, but the plot twists are somewhat predictable.",Neutral
1066,"Provides an insightful look into the characters' development, but the plot twists are somewhat predictable.",Neutral
1067,"Provides an insightful look into the characters' development, but the plot twists are somewhat predictable.",Neutral
1068,"The editing is sharp and adds to the narrative flow, but the film's length could be a deterrent for some viewers.",Neutral
1069,"Delivers a complex narrative that some may find difficult to follow, though the cinematography is exceptional.",Neutral
1070,"Boasts a powerful soundtrack that enhances the emotional impact, though some scenes felt unnecessarily melodramatic.",Neutral
1071,"Delivers a complex narrative that some may find difficult to follow, though the cinematography is exceptional.",Neutral
1072,"Excels in creating an immersive setting, though at times, the secondary characters feel underdeveloped.",Neutral
1073,"Excels in creating an immersive setting, though at times, the secondary characters feel underdeveloped.",Neutral
1074,"While the special effects are top-notch, they can't fully compensate for the script's weak dialogue.",Neutral
1075,"Offers a unique visual style that stands out, although the storyline lacks originality and depth.",Neutral
1076,"The director's bold approach is commendable, yet it might not resonate with all audiences due to its abstract nature.",Neutral
1077,"Boasts a powerful soundtrack that enhances the emotional impact, though some scenes felt unnecessarily melodramatic.",Neutral
1078,"The editing is sharp and adds to the narrative flow, but the film's length could be a deterrent for some viewers.",Neutral
1079,"Delivers a complex narrative that some may find difficult to follow, though the cinematography is exceptional.",Neutral
1080,"Delivers a complex narrative that some may find difficult to follow, though the cinematography is exceptional.",Neutral
1081,"Delivers a complex narrative that some may find difficult to follow, though the cinematography is exceptional.",Neutral
1082,"The director's bold approach is commendable, yet it might not resonate with all audiences due to its abstract nature.",Neutral
1083,"Offers a unique visual style that stands out, although the storyline lacks originality and depth.",Neutral
1084,"The film's pacing is inconsistent, with some parts dragging despite stellar performances from the cast.",Neutral
1085,"Offers a unique visual style that stands out, although the storyline lacks originality and depth.",Neutral
1086,"While the special effects are top-notch, they can't fully compensate for the script's weak dialogue.",Neutral
1087,"The director's bold approach is commendable, yet it might not resonate with all audiences due to its abstract nature.",Neutral
1088,"Boasts a powerful soundtrack that enhances the emotional impact, though some scenes felt unnecessarily melodramatic.",Neutral
1089,"The director's bold approach is commendable, yet it might not resonate with all audiences due to its abstract nature.",Neutral
1090,"The film's pacing is inconsistent, with some parts dragging despite stellar performances from the cast.",Neutral
1091,"Offers a unique visual style that stands out, although the storyline lacks originality and depth.",Neutral
1092,"The editing is sharp and adds to the narrative flow, but the film's length could be a deterrent for some viewers.",Neutral
1093,"Delivers a complex narrative that some may find difficult to follow, though the cinematography is exceptional.",Neutral
1094,"Features ambitious themes that aren't fully realized, leaving the viewer wanting more coherence.",Neutral
1095,"The film's pacing is inconsistent, with some parts dragging despite stellar performances from the cast.",Neutral
1096,"Provides an insightful look into the characters' development, but the plot twists are somewhat predictable.",Neutral
1097,"Delivers a complex narrative that some may find difficult to follow, though the cinematography is exceptional.",Neutral
1098,"While the special effects are top-notch, they can't fully compensate for the script's weak dialogue.",Neutral
1099,"The director's bold approach is commendable, yet it might not resonate with all audiences due to its abstract nature.",Neutral
1100,"Provides an insightful look into the characters' development, but the plot twists are somewhat predictable.",Neutral
1101,"Boasts a powerful soundtrack that enhances the emotional impact, though some scenes felt unnecessarily melodramatic.",Neutral
1102,"Features ambitious themes that aren't fully realized, leaving the viewer wanting more coherence.",Neutral
1103,"Delivers a complex narrative that some may find difficult to follow, though the cinematography is exceptional.",Neutral
1104,"While the special effects are top-notch, they can't fully compensate for the script's weak dialogue.",Neutral
1105,"While the special effects are top-notch, they can't fully compensate for the script's weak dialogue.",Neutral
1106,"While the special effects are top-notch, they can't fully compensate for the script's weak dialogue.",Neutral
1107,"The film's pacing is inconsistent, with some parts dragging despite stellar performances from the cast.",Neutral
1108,"Offers a unique visual style that stands out, although the storyline lacks originality and depth.",Neutral
1109,"Offers a unique visual style that stands out, although the storyline lacks originality and depth.",Neutral
1110,"Boasts a powerful soundtrack that enhances the emotional impact, though some scenes felt unnecessarily melodramatic.",Neutral
1111,"The film's pacing is inconsistent, with some parts dragging despite stellar performances from the cast.",Neutral
1112,"Offers a unique visual style that stands out, although the storyline lacks originality and depth.",Neutral
1113,"Provides an insightful look into the characters' development, but the plot twists are somewhat predictable.",Neutral
1114,"Features ambitious themes that aren't fully realized, leaving the viewer wanting more coherence.",Neutral
1115,"While the special effects are top-notch, they can't fully compensate for the script's weak dialogue.",Neutral
1116,"The film's pacing is inconsistent, with some parts dragging despite stellar performances from the cast.",Neutral
1117,"Provides an insightful look into the characters' development, but the plot twists are somewhat predictable.",Neutral
1118,"Offers a unique visual style that stands out, although the storyline lacks originality and depth.",Neutral
1119,"While the special effects are top-notch, they can't fully compensate for the script's weak dialogue.",Neutral
1120,"The film's pacing is inconsistent, with some parts dragging despite stellar performances from the cast.",Neutral
1121,"Excels in creating an immersive setting, though at times, the secondary characters feel underdeveloped.",Neutral
1122,"Delivers a complex narrative that some may find difficult to follow, though the cinematography is exceptional.",Neutral
1123,"Offers a unique visual style that stands out, although the storyline lacks originality and depth.",Neutral
1124,"While the special effects are top-notch, they can't fully compensate for the script's weak dialogue.",Neutral
1125,"While the special effects are top-notch, they can't fully compensate for the script's weak dialogue.",Neutral
1126,"Features ambitious themes that aren't fully realized, leaving the viewer wanting more coherence.",Neutral
1127,"Offers a unique visual style that stands out, although the storyline lacks originality and depth.",Neutral
1128,"While the special effects are top-notch, they can't fully compensate for the script's weak dialogue.",Neutral
1129,"Delivers a complex narrative that some may find difficult to follow, though the cinematography is exceptional.",Neutral
1130,"Boasts a powerful soundtrack that enhances the emotional impact, though some scenes felt unnecessarily melodramatic.",Neutral
1131,"Delivers a complex narrative that some may find difficult to follow, though the cinematography is exceptional.",Neutral
1132,"Provides an insightful look into the characters' development, but the plot twists are somewhat predictable.",Neutral
1133,"The director's bold approach is commendable, yet it might not resonate with all audiences due to its abstract nature.",Neutral
1134,"Provides an insightful look into the characters' development, but the plot twists are somewhat predictable.",Neutral
1135,"The editing is sharp and adds to the narrative flow, but the film's length could be a deterrent for some viewers.",Neutral
1136,"The director's bold approach is commendable, yet it might not resonate with all audiences due to its abstract nature.",Neutral
1137,"The director's bold approach is commendable, yet it might not resonate with all audiences due to its abstract nature.",Neutral
1138,"Delivers a complex narrative that some may find difficult to follow, though the cinematography is exceptional.",Neutral
1139,"Features ambitious themes that aren't fully realized, leaving the viewer wanting more coherence.",Neutral
1140,"The editing is sharp and adds to the narrative flow, but the film's length could be a deterrent for some viewers.",Neutral
1141,"Excels in creating an immersive setting, though at times, the secondary characters feel underdeveloped.",Neutral
1142,"The film's pacing is inconsistent, with some parts dragging despite stellar performances from the cast.",Neutral
1143,"Excels in creating an immersive setting, though at times, the secondary characters feel underdeveloped.",Neutral
1144,"Excels in creating an immersive setting, though at times, the secondary characters feel underdeveloped.",Neutral
1145,"The director's bold approach is commendable, yet it might not resonate with all audiences due to its abstract nature.",Neutral
1146,"Offers a unique visual style that stands out, although the storyline lacks originality and depth.",Neutral
1147,"The film's pacing is inconsistent, with some parts dragging despite stellar performances from the cast.",Neutral
1148,"The editing is sharp and adds to the narrative flow, but the film's length could be a deterrent for some viewers.",Neutral
1149,"Offers a unique visual style that stands out, although the storyline lacks originality and depth.",Neutral
1150,"While the special effects are top-notch, they can't fully compensate for the script's weak dialogue.",Neutral
1151,"Delivers a complex narrative that some may find difficult to follow, though the cinematography is exceptional.",Neutral
1152,"Offers a unique visual style that stands out, although the storyline lacks originality and depth.",Neutral
1153,"Offers a unique visual style that stands out, although the storyline lacks originality and depth.",Neutral
1154,"Provides an insightful look into the characters' development, but the plot twists are somewhat predictable.",Neutral
1155,"The director's bold approach is commendable, yet it might not resonate with all audiences due to its abstract nature.",Neutral
1156,"Features ambitious themes that aren't fully realized, leaving the viewer wanting more coherence.",Neutral
1157,"Delivers a complex narrative that some may find difficult to follow, though the cinematography is exceptional.",Neutral
1158,"Boasts a powerful soundtrack that enhances the emotional impact, though some scenes felt unnecessarily melodramatic.",Neutral
1159,"While the special effects are top-notch, they can't fully compensate for the script's weak dialogue.",Neutral
1160,"While the special effects are top-notch, they can't fully compensate for the script's weak dialogue.",Neutral
1161,"The film's pacing is inconsistent, with some parts dragging despite stellar performances from the cast.",Neutral
1162,"Features ambitious themes that aren't fully realized, leaving the viewer wanting more coherence.",Neutral
1163,"Boasts a powerful soundtrack that enhances the emotional impact, though some scenes felt unnecessarily melodramatic.",Neutral
1164,"Excels in creating an immersive setting, though at times, the secondary characters feel underdeveloped.",Neutral
1165,"Boasts a powerful soundtrack that enhances the emotional impact, though some scenes felt unnecessarily melodramatic.",Neutral
1166,"Provides an insightful look into the characters' development, but the plot twists are somewhat predictable.",Neutral
1167,"The director's bold approach is commendable, yet it might not resonate with all audiences due to its abstract nature.",Neutral
1168,"Boasts a powerful soundtrack that enhances the emotional impact, though some scenes felt unnecessarily melodramatic.",Neutral
1169,"The film's pacing is inconsistent, with some parts dragging despite stellar performances from the cast.",Neutral
1170,"The film's pacing is inconsistent, with some parts dragging despite stellar performances from the cast.",Neutral
1171,"The film's pacing is inconsistent, with some parts dragging despite stellar performances from the cast.",Neutral
1172,"Boasts a powerful soundtrack that enhances the emotional impact, though some scenes felt unnecessarily melodramatic.",Neutral
1173,"The film's pacing is inconsistent, with some parts dragging despite stellar performances from the cast.",Neutral
1174,"The editing is sharp and adds to the narrative flow, but the film's length could be a deterrent for some viewers.",Neutral
1175,"Features ambitious themes that aren't fully realized, leaving the viewer wanting more coherence.",Neutral
1176,"Boasts a powerful soundtrack that enhances the emotional impact, though some scenes felt unnecessarily melodramatic.",Neutral
1177,"The editing is sharp and adds to the narrative flow, but the film's length could be a deterrent for some viewers.",Neutral
1178,"While the special effects are top-notch, they can't fully compensate for the script's weak dialogue.",Neutral
1179,"Features ambitious themes that aren't fully realized, leaving the viewer wanting more coherence.",Neutral
1180,"The film's pacing is inconsistent, with some parts dragging despite stellar performances from the cast.",Neutral
1181,"While the special effects are top-notch, they can't fully compensate for the script's weak dialogue.",Neutral
1182,"Excels in creating an immersive setting, though at times, the secondary characters feel underdeveloped.",Neutral
1183,"Offers a unique visual style that stands out, although the storyline lacks originality and depth.",Neutral
1184,"Offers a unique visual style that stands out, although the storyline lacks originality and depth.",Neutral
1185,"The editing is sharp and adds to the narrative flow, but the film's length could be a deterrent for some viewers.",Neutral
1186,"The film's pacing is inconsistent, with some parts dragging despite stellar performances from the cast.",Neutral
1187,"Delivers a complex narrative that some may find difficult to follow, though the cinematography is exceptional.",Neutral
1188,"The director's bold approach is commendable, yet it might not resonate with all audiences due to its abstract nature.",Neutral
1189,"Features ambitious themes that aren't fully realized, leaving the viewer wanting more coherence.",Neutral
1190,"The director's bold approach is commendable, yet it might not resonate with all audiences due to its abstract nature.",Neutral
1191,"The editing is sharp and adds to the narrative flow, but the film's length could be a deterrent for some viewers.",Neutral
1192,"Offers a unique visual style that stands out, although the storyline lacks originality and depth.",Neutral
1193,"Boasts a powerful soundtrack that enhances the emotional impact, though some scenes felt unnecessarily melodramatic.",Neutral
1194,"Excels in creating an immersive setting, though at times, the secondary characters feel underdeveloped.",Neutral
1195,"While the special effects are top-notch, they can't fully compensate for the script's weak dialogue.",Neutral
1196,"Features ambitious themes that aren't fully realized, leaving the viewer wanting more coherence.",Neutral
1197,"Boasts a powerful soundtrack that enhances the emotional impact, though some scenes felt unnecessarily melodramatic.",Neutral
1198,"The director's bold approach is commendable, yet it might not resonate with all audiences due to its abstract nature.",Neutral
1199,"Provides an insightful look into the characters' development, but the plot twists are somewhat predictable.",Neutral
1200,"The director's bold approach is commendable, yet it might not resonate with all audiences due to its abstract nature.",Neutral
